﻿{"cameraMode":{"drawMode":0,"name":"Shaded","section":"Shading Mode"},"sceneLighting":true,"audioPlay":false,"sceneViewState":{"showFog":false,"showMaterialUpdate":false,"showSkybox":false,"showFlares":false,"showImageEffects":false,"showParticleSystems":false},"in2DMode":false,"pivot":{"x":5.720778942108154,"y":1.8717632293701172,"z":-2.189624786376953},"rotation":{"x":0.052738774567842486,"y":0.938757061958313,"z":-0.29689469933509829,"w":0.16675564646720887},"size":19.909854888916017,"orthographic":false}